{"cameraMode":{"drawMode":0,"name":"Shaded","section":"Shading Mode"},"sceneLighting":true,"audioPlay":false,"sceneViewState":{"showFog":true,"showMaterialUpdate":true,"showSkybox":true,"showFlares":true,"showImageEffects":true,"showParticleSystems":true},"in2DMode":false,"pivot":{"x":-1.135736346244812,"y":0.39781737327575686,"z":3.768692970275879},"rotation":{"x":-0.38901376724243166,"y":0.3733792304992676,"z":-0.17638206481933595,"w":-0.8234959840774536},"size":3.73828387260437,"orthographic":false}